1white_1.jpg,1white_2.jpg,t-shirt ov.102 white,เสื้อยืดแฟชั่นคอวี รหัส OV.102 สีขาว,199 ฿,http://noproblem.nupni.ml/t-shirt-ov-102/,OV.102 t-shirt product,สินค้าเสื้อยืดคอวีรหัส OV,5pink_1.jpg,t-shirt ov,ชนิดผ้า 32 เซมิ Jersey,S,S,*ราคาดังกล่าว เป็นราคาปลีกต่อตัวเท่านั้น<br> หากลูกค้าต้องการราคาพิเศษ โปรดติดต่อเจ้าหน้าที่ได้โดยตรง
2orange_1.jpg,2orange_2.jpg,t-shirt ov.102 orange,เสื้อยืดแฟชั่นคอวี รหัส OV.102 สีส้ม,199 ฿,http://noproblem.nupni.ml/t-shirt-ov-102/,break,break,3caramel_1.jpg,break,100% Cotton,81,"32""",break
3caramel_1.jpg,3caramel_2.jpg,t-shirt ov.102 caramel,เสื้อยืดแฟชั่นคอวี รหัส OV.102 สีคาราเมล,199 ฿,http://noproblem.nupni.ml/t-shirt-ov-102/,,,6blue_1.jpg,,break,66,"26""",
4red_1.jpg,4red_2.jpg,t-shirt ov.102 red,เสื้อยืดแฟชั่นคอวี รหัส OV.102 สีแดง,199 ฿,http://noproblem.nupni.ml/t-shirt-ov-102/,,,1white_1.jpg,,,199.-,199.-,
5pink_1.jpg,5pink_2.jpg,t-shirt ov.102 pink,เสื้อยืดแฟชั่นคอวี รหัส OV.102 สีชมพู,199 ฿,http://noproblem.nupni.ml/t-shirt-ov-102/,,,8black_1.jpg,,,newrow,newrow,
6blue_1.jpg,6blue_2.jpg,t-shirt ov.102 blue,เสื้อยืดแฟชั่นคอวี รหัส OV.102 สีฟ้า,199 ฿,http://noproblem.nupni.ml/t-shirt-ov-102/,,,7gray_1.jpg,,,M,M,
7gray_1.jpg,7gray_2.jpg,t-shirt ov.102 gray,เสื้อยืดแฟชั่นคอวี รหัส OV.102 สีเทา,199 ฿,http://noproblem.nupni.ml/t-shirt-ov-102/,,,break,,,91,"36""",
8black_1.jpg,8black_2.jpg,t-shirt ov.102 black,เสื้อยืดแฟชั่นคอวี รหัส OV.102 สีดำ,199 ฿,http://noproblem.nupni.ml/t-shirt-ov-102/,,,,,,68.5,"27""",
break,break,break,break,break,break,,,,,,199.-,199.-,
,,,,,,,,,,,newrow,newrow,
,,,,,,,,,,,L,L,
,,,,,,,,,,,101,"40""",
,,,,,,,,,,,71,"28""",
,,,,,,,,,,,199.-,199.-,
,,,,,,,,,,,newrow,newrow,
,,,,,,,,,,,XL,XL,
,,,,,,,,,,,111,"44""",
,,,,,,,,,,,73.5,"29""",
,,,,,,,,,,,199.-,199.-,
,,,,,,,,,,,newrow,newrow,
,,,,,,,,,,,2XL,2XL,
,,,,,,,,,,,121,"48""",
,,,,,,,,,,,76,"30""",
,,,,,,,,,,,199.-,199.-,
,,,,,,,,,,,break,break,
