1white_1.jpg,1white_2.jpg,T-SHIRT NO.0029 WHITE,เสื้อยืดแฟชั่นคอกลม รหัส NO 0029 สีขาว,199 ฿,http://noproblem.nupni.ml/t-shirt-no-0029/,NO.0029 T-SHIRT PRODUCT,สินค้าเสื้อยืดคอวีรหัส NO.0029,1white_1.jpg,T-SHIRT NO.0029,ชนิดผ้า 20 เซมิ Jersey,S,S,*ราคาดังกล่าว เป็นราคาปลีกต่อตัวเท่านั้น<br> หากลูกค้าต้องการราคาพิเศษ โปรดติดต่อเจ้าหน้าที่ได้โดยตรง
2top_1.jpg,2top_2.jpg,T-SHIRT NO.0029 GREY MELANGE,เสื้อยืดแฟชั่นคอกลม รหัส NO 0029 สีท็อปดราย,199 ฿,http://noproblem.nupni.ml/t-shirt-no-0029/,break,break,2top_1.jpg,break,100% Cotton,91,"36""",break
3black_1.jpg,3black_2.jpg,T-SHIRT NO.0029 BLACK,เสื้อยืดแฟชั่นคอกลม รหัส NO 0029 สีดำ,199 ฿,http://noproblem.nupni.ml/t-shirt-no-0029/,,,3black_1.jpg,,break,66,"26""",
break,break,break,break,break,break,,,break,,,199.-,199.-,
,,,,,,,,,,,newrow,newrow,
,,,,,,,,,,,M,M,
,,,,,,,,,,,101,"40""",
,,,,,,,,,,,71,"28""",
,,,,,,,,,,,199.-,199.-,
,,,,,,,,,,,newrow,newrow,
,,,,,,,,,,,L,L,
,,,,,,,,,,,111,"44""",
,,,,,,,,,,,76,"30""",
,,,,,,,,,,,199.-,199.-,
,,,,,,,,,,,newrow,newrow,
,,,,,,,,,,,XL,XL,
,,,,,,,,,,,122,"48""",
,,,,,,,,,,,78,"31""",
,,,,,,,,,,,259.-,259.-,
,,,,,,,,,,,newrow,newrow,
,,,,,,,,,,,2XL,2XL,
,,,,,,,,,,,132,"52""",
,,,,,,,,,,,81,"32""",
,,,,,,,,,,,259.-,259.-,
,,,,,,,,,,,break,break,
