4pink_diamond_m_1.jpg,4pink_diamond_m_2.jpg,POLO NO.5000 PINK DIAMOND,เสื้อโปโลชาย รหัส NS.5000 สีบานเย็นไดมอนด์,380 ฿,http://noproblem.nupni.ml/no5000/,LASTEST PRODUCT,สินค้าล่าสุด,break,break,break,break,break,break
7blue_sapphire_m_1.jpg,7blue_sapphire_m_2.jpg,POLO NO.5000 BLUE SAPPHIRE,เสื้อโปโลชาย รหัส NS.5000 สีน้ำเงินซัฟไฟร์,380 ฿,http://noproblem.nupni.ml/no5000/,break,break,,,,,,
9blue_topaz_m_1.jpg,9blue_topaz_m_2.jpg,POLO NO.5000 BLUE TOPAZ,เสื้อโปโลชาย รหัส NS.5000 สีฟ้าโทปาส,380 ฿,http://noproblem.nupni.ml/no5000/,,,,,,,,
11dark_navy_blue_m_1.jpg,11dark_navy_blue_m_2.jpg,POLO NO.5000 DARK NAVY BLUE,เสื้อโปโลชาย รหัส NS.5000 สีกรมเข้ม,380 ฿,http://noproblem.nupni.ml/no5000/,,,,,,,,
1white_f_1.jpg,1white_f_2.jpg,POLO NS.5000 WHITE,เสื้อโปโลหญิง รหัส NS.5000 สีขาว,380 ฿,http://noproblem.nupni.ml/ns5000/,,,,,,,,
3orange_songea_f_1.jpg,3orange_songea_f_2.jpg,POLO NS.5000 ORANGE SONGEA,เสื้อโปโลหญิง รหัส NS.5000 สีส้มซองเจีย,380 ฿,http://noproblem.nupni.ml/ns5000/,,,,,,,,
6amethyst_f_1.jpg,6amethyst_f_2.jpg,POLO NS.5000 AMETHYST,เสื้อโปโลหญิง รหัส NS.5000 สีม่วงอาเมทิส,380 ฿,http://noproblem.nupni.ml/ns5000/,,,,,,,,
8green_peridot_f_1.jpg,8green_peridot_f_2.jpg,POLO NS.5000 GREEN PERIDOT,เสื้อโปโลหญิง รหัส NS.5000 สีเขียวดำริโดต์,380 ฿,http://noproblem.nupni.ml/ns5000/,,,,,,,,
7maroon_1.jpg,7maroon_2.jpg,T-SHIRT NO.0020 MAROON,เสื้อยืดแฟชั่นคอกลม รหัส NO 0020 สีเลือดหมูใหม่,199 ฿,http://noproblem.nupni.ml/t-shirt-no-0020/,,,,,,,,
9caramel_1.jpg,9caramel_2.jpg,T-SHIRT NO.0020 CARAMEL,เสื้อยืดแฟชั่นคอกลม รหัส NO 0020 สีคาราเมล,199 ฿,http://noproblem.nupni.ml/t-shirt-no-0020/,,,,,,,,
15deep_sky_blue_1.jpg,15deep_sky_blue_2.jpg,T-SHIRT NO.0020 DEEP SKY BLUE,เสื้อยืดแฟชั่นคอกลม รหัส NO 0020 สีฟ้าเข้ม,199 ฿,http://noproblem.nupni.ml/t-shirt-no-0020/,,,,,,,,
18green_leaf_1.jpg,18green_leaf_2.jpg,T-SHIRT NO.0020 GREEN LEAF,เสื้อยืดแฟชั่นคอกลม รหัส NO 0020 สีเขียวตอง,199 ฿,http://noproblem.nupni.ml/t-shirt-no-0020/,,,,,,,,
1white_1.jpg,1white_2.jpg,T-SHIRT NO.0029 WHITE,เสื้อยืดแฟชั่นคอกลม รหัส NO 0029 สีขาว,199 ฿,http://noproblem.nupni.ml/t-shirt-no-0029/,,,,,,,,
2top_1.jpg,2top_2.jpg,T-SHIRT NO.0029 GREY MELANGE,เสื้อยืดแฟชั่นคอกลม รหัส NO 0029 สีท็อปดราย,199 ฿,http://noproblem.nupni.ml/t-shirt-no-0029/,,,,,,,,
3black_1.jpg,3black_2.jpg,T-SHIRT NO.0029 BLACK,เสื้อยืดแฟชั่นคอกลม รหัส NO 0029 สีดำ,199 ฿,http://noproblem.nupni.ml/t-shirt-no-0029/,,,,,,,,
2orange_1.jpg,2orange_2.jpg,t-shirt ov.102 orange,เสื้อยืดแฟชั่นคอวี รหัส OV สีส้ม,200 ฿,http://noproblem.nupni.ml/t-shirt-ov-102/,,,,,,,,
3caramel_1.jpg,3caramel_2.jpg,t-shirt ov.102 caramel,เสื้อยืดแฟชั่นคอวี รหัส OV สีคาราเมล,201 ฿,http://noproblem.nupni.ml/t-shirt-ov-102/,,,,,,,,
5pink_1.jpg,5pink_2.jpg,t-shirt ov.102 pink,เสื้อยืดแฟชั่นคอวี รหัส OV สีชมพู,203 ฿,http://noproblem.nupni.ml/t-shirt-ov-102/,,,,,,,,
8black_1.jpg,8black_2.jpg,t-shirt ov.102 black,เสื้อยืดแฟชั่นคอวี รหัส OV สีดำ,206 ฿,http://noproblem.nupni.ml/t-shirt-ov-102/,,,,,,,,
2yellow_1.jpg,2yellow_2.jpg,t-shirt ov.101 yellow father's day,เสื้อยืดแฟชั่นคอกลม รหัส OV.101 สีเหลือวันพ่อ,199 ฿,http://noproblem.nupni.ml/tshirt_ov101/,,,,,,,,
8deep_blue_1.jpg,8deep_blue_2.jpg,t-shirt ov.101 royal blue,เสื้อยืดแฟชั่นคอกลม รหัส OV.101 สีรอยัลบลู,199 ฿,http://noproblem.nupni.ml/tshirt_ov101/,,,,,,,,
9mint_1.jpg,9mint_2.jpg,t-shirt ov.101 mint,เสื้อยืดแฟชั่นคอกลม รหัส OV.101 สีเขียวมิ้นต์,199 ฿,http://noproblem.nupni.ml/tshirt_ov101/,,,,,,,,
14_top_1.jpg,14_top_2.jpg,t-shirt ov.101 grey melange,เสื้อยืดแฟชั่นคอกลม รหัส OV.101 สีท็อปดราย,199 ฿,http://noproblem.nupni.ml/tshirt_ov101/,,,,,,,,
break,break,break,break,break,break,,,,,,,,
