1white_1.jpg,1white_2.jpg,T-SHIRT NO.0020 WHITE,เสื้อยืดแฟชั่นคอกลม รหัส NO 0020 สีขาว,199 ฿,http://noproblem.nupni.ml/t-shirt-no-0020/,NO.0020 T-SHIRT PRODUCT,สินค้าเสื้อยืดรหัส NO.0020,1white1.jpg,T-SHIRT NO.0020,ชนิดผ้า 20 เซมิ Jersey,S,S,"*เสื้อขนาด 3XL และ 4XL ผลิตเฉพาะเสื้อสีขาว,สีดำและสีท็อปดราย เท่านั้น"
2cream_1.jpg,2cream_2.jpg,T-SHIRT NO.0020 CREAM,เสื้อยืดแฟชั่นคอกลม รหัส NO 0020 สีครีม,199 ฿,http://noproblem.nupni.ml/t-shirt-no-0020/,break,break,7maroon_1.jpg,break,100% Cotton,91,"36""",*ราคาดังกล่าว เป็นราคาปลีกต่อตัวเท่านั้น<br> หากลูกค้าต้องการราคาพิเศษ โปรดติดต่อเจ้าหน้าที่ได้โดยตรง
3butter_yellow_1.jpg,3butter_yellow_2.jpg,T-SHIRT NO.0020 BUTTER YELLOW,เสื้อยืดแฟชั่นคอกลม รหัส NO 0020 สีเหลืองอ่อน,199 ฿,http://noproblem.nupni.ml/t-shirt-no-0020/,,,13blue2018_1.jpg,,break,66,"26""",break
4deep_yellow_1.jpg,4deep_yellow_2.jpg,T-SHIRT NO.0020 DEEP YELLOW,เสื้อยืดแฟชั่นคอกลม รหัส NO 0020 สีเหลืองเข้ม,199 ฿,http://noproblem.nupni.ml/t-shirt-no-0020/,,,22dark_navy_blue1.jpg,,,199.-,199.-,
5orange_1.jpg,5orange_2.jpg,T-SHIRT NO.0020 TANGERING,เสื้อยืดแฟชั่นคอกลม รหัส NO 0020 สีส้มกลาง,199 ฿,http://noproblem.nupni.ml/t-shirt-no-0020/,,,25black_1.jpg,,,newrow,newrow,
6red_1.jpg,6red_2.jpg,T-SHIRT NO.0020 RED,เสื้อยืดแฟชั่นคอกลม รหัส NO 0020 สีแดง,199 ฿,http://noproblem.nupni.ml/t-shirt-no-0020/,,,3butter_yellow_1.jpg,,,M,M,
7maroon_1.jpg,7maroon_2.jpg,T-SHIRT NO.0020 MAROON,เสื้อยืดแฟชั่นคอกลม รหัส NO 0020 สีเลือดหมูใหม่,199 ฿,http://noproblem.nupni.ml/t-shirt-no-0020/,,,break,,,101,"40""",
8brick_1.jpg,8brick_2.jpg,T-SHIRT NO.0020 BRICK,เสื้อยืดแฟชั่นคอกลม รหัส NO 0020 สีอิฐ,199 ฿,http://noproblem.nupni.ml/t-shirt-no-0020/,,,,,,71,"28""",
9caramel_1.jpg,9caramel_2.jpg,T-SHIRT NO.0020 CARAMEL,เสื้อยืดแฟชั่นคอกลม รหัส NO 0020 สีคาราเมล,199 ฿,http://noproblem.nupni.ml/t-shirt-no-0020/,,,,,,199.-,199.-,
10goldie_brown_1.jpg,10goldie_brown_2.jpg,T-SHIRT NO.0020 GOLDIE BROWN,เสื้อยืดแฟชั่นคอกลม รหัส NO 0020 สีน้ำตาลทอง,199 ฿,http://noproblem.nupni.ml/t-shirt-no-0020/,,,,,,newrow,newrow,
11pink_1.jpg,11pink_2.jpg,T-SHIRT NO.0020 PINK,เสื้อยืดแฟชั่นคอกลม รหัส NO 0020 สีชมพู,199 ฿,http://noproblem.nupni.ml/t-shirt-no-0020/,,,,,,L,L,
12violet_1.jpg,12violet_2.jpg,T-SHIRT NO.0020 VIOLET 2018,เสื้อยืดแฟชั่นคอกลม รหัส NO 0020 สีม่วงกลาง 2018,199 ฿,http://noproblem.nupni.ml/t-shirt-no-0020/,,,,,,111,"44""",
13blue2018_1.jpg,13blue2018_2.jpg,T-SHIRT NO.0020 BLUE 2018,เสื้อยืดแฟชั่นคอกลม รหัส NO 0020 สีน้ำเงิน 2018,199 ฿,http://noproblem.nupni.ml/t-shirt-no-0020/,,,,,,76,"30""",
14dark_sky_blue_1.jpg,14dark_sky_blue_2.jpg,T-SHIRT NO.0020 DARK SKY BLUE,เสื้อยืดแฟชั่นคอกลม รหัส NO 0020 สีฟ้าสด,199 ฿,http://noproblem.nupni.ml/t-shirt-no-0020/,,,,,,199.-,199.-,
15deep_sky_blue_1.jpg,15deep_sky_blue_2.jpg,T-SHIRT NO.0020 DEEP SKY BLUE,เสื้อยืดแฟชั่นคอกลม รหัส NO 0020 สีฟ้าเข้ม,199 ฿,http://noproblem.nupni.ml/t-shirt-no-0020/,,,,,,newrow,newrow,
16crystal_blue1.jpg,16crystal_blue2.jpg,T-SHIRT NO.0020 CRYSTAL BLUE,เสื้อยืดแฟชั่นคอกลม รหัส NO 0020 สีเขียวอมฟ้า,199 ฿,http://noproblem.nupni.ml/t-shirt-no-0020/,,,,,,XL,XL,
18green_leaf_1.jpg,18green_leaf_2.jpg,T-SHIRT NO.0020 GREEN LEAF,เสื้อยืดแฟชั่นคอกลม รหัส NO 0020 สีเขียวตอง,199 ฿,http://noproblem.nupni.ml/t-shirt-no-0020/,,,,,,122,"48""",
18mint_1.jpg,18mint_2.jpg,T-SHIRT NO.0020 MINT,เสื้อยืดแฟชั่นคอกลม รหัส NO 0020 สีเขียวมิ้นต์,199 ฿,http://noproblem.nupni.ml/t-shirt-no-0020/,,,,,,78,"31""",
19teal_1.jpg,19teal_2.jpg,T-SHIRT NO.0020 TEAL,เสื้อยืดแฟชั่นคอกลม รหัส NO 0020 สีเขียวสด,199 ฿,http://noproblem.nupni.ml/t-shirt-no-0020/,,,,,,259.-,259.-,
20avocado_1.jpg,20avocado_2.jpg,T-SHIRT NO.0020 AVOCADO,เสื้อยืดแฟชั่นคอกลม รหัส NO 0020 สีขี้บัวแก่,199 ฿,http://noproblem.nupni.ml/t-shirt-no-0020/,,,,,,newrow,newrow,
21light_navy_1.jpg,21light_navy_2.jpg,T-SHIRT NO.0020 LIGHT NAVY,เสื้อยืดแฟชั่นคอกลม รหัส NO 0020 สีกรมอ่อน,199 ฿,http://noproblem.nupni.ml/t-shirt-no-0020/,,,,,,2XL,2XL,
22dark_navy_blue1.jpg,22dark_navy_blue2.jpg,T-SHIRT NO.0020 DARK NAVY BLUE,เสื้อยืดแฟชั่นคอกลม รหัส NO 0020 สีกรมเข้ม,199 ฿,http://noproblem.nupni.ml/t-shirt-no-0020/,,,,,,132,"52""",
23deep_gray_1.jpg,23deep_gray_2.jpg,T-SHIRT NO.0020 DEEP GREY,เสื้อยืดแฟชั่นคอกลม รหัส NO 0020 สีเทาเข้ม,199 ฿,http://noproblem.nupni.ml/t-shirt-no-0020/,,,,,,81,"32""",
24light_gray_1.jpg,24light_gray_2.jpg,T-SHIRT NO.0020 LIGHT GREY,เสื้อยืดแฟชั่นคอกลม รหัส NO 0020 สีเทาอ่อน,199 ฿,http://noproblem.nupni.ml/t-shirt-no-0020/,,,,,,259.-,259.-,
25black_1.jpg,25black_2.jpg,T-SHIRT NO.0020 BLACK,เสื้อยืดแฟชั่นคอกลม รหัส NO 0020 สีดำ,199 ฿,http://noproblem.nupni.ml/t-shirt-no-0020/,,,,,,newrow,newrow,
25top_1.jpg,25top_2.jpg,T-SHIRT NO.0020 GREY MELANGE,เสื้อยืดแฟชั่นคอกลม รหัส NO 0020 สีท็อปดราย,199 ฿,http://noproblem.nupni.ml/t-shirt-no-0020/,,,,,,3XL,3XL,
break,break,break,break,break,break,,,,,,142,"56""",
,,,,,,,,,,,83,"33""",
,,,,,,,,,,,299.-,299.-,
,,,,,,,,,,,newrow,newrow,
,,,,,,,,,,,4XL,4XL,
,,,,,,,,,,,152,"60""",
,,,,,,,,,,,83,"33""",
,,,,,,,,,,,299.-,299.-,
,,,,,,,,,,,break,break,
